price,label
0.17095748029559246,1
-0.7170540874203317,1
-0.719964638945394,1
-0.7023013347867278,1
-0.84968716479219,1
-1.1347277263817066,1
0.35835200627267905,0
-0.26519577711128317,0
-0.7376709699185932,0
-0.9417994739799569,0
2.458952432293908,1
-0.46924752346030085,0
-0.9734794269668055,0
0.11805680862010713,0
-0.9313597611068573,0
-1.1357679394626854,0
1.7653963032980358,0
-0.9018703244956943,1
-0.9865974262457751,1
1.5800885778258005,1
1.1347720697103048,1
-0.31725184835334275,0
1.7186856497676521,1
-0.45156137790626544,0
-0.8675782189104985,1
1.378320971013721,0
2.0248724299132346,1
-0.9915392683729889,1
2.084974117076538,1
-0.866360055423735,0
-1.1472684492323584,0
0.9982308561505077,1
-0.02397683093435424,1
0.9217748627015377,1
-0.9816518657518732,1
-0.8780187285764599,0
1.3205667684198628,0
0.6852500888706372,0
-1.1396380951908822,0
-0.21248952289405815,0
0.985131847101409,1
1.5220610752803714,0
0.11679309514141507,0
-0.7330690927457144,1
0.5330233438337797,0
1.2705534084776393,0
-0.8354754345116957,1
-0.6937031430158794,1
-0.9570138352781185,1
1.7935581502027584,1
-0.8692064651234286,1
-0.27719919597551335,0
1.792490846164481,1
-0.7699470567648206,0
-0.8379601002521673,1
-1.127223398411193,1
-0.3281216965729622,1
1.124318014565694,0
0.9295074718269352,1
-0.9829319134842306,1
1.232683702943309,1
-0.8970009905188974,0
-0.8376413831074783,1
0.7653622991644311,0
-0.8899933300988575,1
0.05006859851028403,0
-0.09533786522784896,1
0.12754236204129385,0
-0.970660905017272,0
0.5581385204328956,0
0.9604915590478791,0
-0.2910575486218336,0
-0.3629353030861554,1
-0.9590028958585988,1
-0.614238194123425,1
-0.2886953233844468,0
0.6537333456216312,0
-0.7595394812038104,0
1.9396072273838705,1
-0.9488568011550439,0
-0.7805712271854088,0
0.8007425582011192,0
0.9332922379201174,1
-0.5609465627504542,0
0.8984798265962167,1
-0.9654355374300954,1
0.5156776944293202,1
1.906893966854178,0
1.0888001759615484,1
-0.4218452537259423,0
0.21324699583389795,1
0.3762042831383837,0
-0.9888882057232274,1
-1.1259142677393827,0
-0.8472145837434546,1
-0.9904406238154836,1
-0.9808042109458107,1
-0.8223271571039806,1
-0.8061818761457062,1
2.1220030733429405,0
-1.0457433603714419,0
-0.8254960023150513,0
-0.08237510775810496,1
0.845772509988509,1
0.09539283246127009,0
-0.809515391881533,1
0.946318738818799,1
-0.5982083153312902,1
-0.6555388897203326,0
0.5610776237021697,0
-0.8938090383148365,1
-1.1470174594809157,0
-0.9625947052804337,0
-0.9893195362590399,1
-0.18627663132910868,0
-0.8443736187949826,1
-0.7972609832658603,0
0.8825806218334041,0
-0.9641434050060019,0
-1.1283940199238738,1
0.7154798788491505,0
2.4478238919918494,1
-0.9305936447703109,1
-0.13659500281498246,0
-0.9908888198002025,1
-0.9845666668388648,1
0.05671278858656795,0
0.8242224502503603,1
-0.6964876684699793,1
-0.8272521337822879,1
-0.8014089541051778,1
0.6778622254567453,0
-0.5867588003047675,0
-0.9967412633695548,1
-0.987445346649458,1
-1.1369769398315392,0
-0.9676840868858764,0
1.1605811200931713,1
-0.9103705107445508,1
2.0497585285646056,1
-0.881486238311866,0
1.7934962659571645,1
0.23806125032890363,0
-0.9608607512145151,0
-0.8086244446633168,1
2.033575931140641,1
1.2082872335054664,1
-0.10356634511085798,1
-0.756082064177986,0
-0.09014675973372643,1
-0.8373481633343645,1
-0.7938274700258874,0
0.2867243119681278,0
-0.4195860803653383,0
0.2689444104540296,1
-0.4685511264991554,0
-0.7629363419721441,1
-0.8942969411438315,0
0.7637023140358424,0
1.867318858998141,0
1.197009427340645,0
-0.5149086679929853,1
0.08188666225983111,0
-0.40295701334118805,0
-0.891720777023072,1
0.21043219225105256,0
0.4277585076763684,1
-1.056872564667552,1
-0.8115150763668361,1
0.7669006405827968,1
1.9585087476496537,1
-0.6759318734244499,1
-0.7818155520377988,1
-0.7766721213165694,1
2.1901272694344973,1
-0.2623188236852235,0
0.29031333261494685,1
-0.42916459295372594,0
0.5093956467086889,0
-1.0468017668894303,1
1.0256346874461117,0
1.5759067432898597,1
-0.7536850456523038,0
0.21493141594357942,0
-0.9948253749335431,0
-0.8324939684219401,1
-0.8645336733858565,0
-0.7372221099398228,1
-1.1315736218385777,1
-0.9158475320772215,1
1.3967448139589012,1
-0.7348400976797032,1
-0.9840990822278438,0
-0.769395410506888,0
1.5420652240679682,0
-0.8199420904712243,0
-0.9044240456175152,1
-0.9889139686924232,1
0.22880464205665174,1
0.6198201150421847,1
2.214971802058249,1
-0.8258100715013803,1
0.2732933058933114,1
-0.9425840493511328,0
-0.9977586350551643,0
-0.4169906604170872,0
0.3846780424239932,0
-0.8000520158616642,1
-0.952138658153669,0
1.7576047315008712,1
-0.77727834788553,0
2.2589989900291605,1
-0.958686701891305,1
-1.0242770966825843,1
-0.46323917408767157,0
0.2975551173375229,1
2.1632934106326456,0
0.23333255029220065,1
0.23482042816265722,1
-0.4197414549733741,0
0.693155203650597,0
1.4480315816929676,1
-1.1230220424501403,1
-0.9082312547096361,1
0.9392811986664447,1
-0.33796979074623273,1
-0.8633366249099286,0
-0.9408988324485896,0
-0.2968058779239208,1
1.645520543636407,1
-0.13952826293660373,0
-0.9854272031295253,1
0.18066613571806156,1
0.7998501501959902,0
0.5024364578544042,0
-0.28989263745799515,0
0.8799804211279829,1
0.30863000692022546,0
-1.1229783516415557,0
1.5171524328557293,1
0.10306435413393499,0
0.0980907730910626,0
-1.115396336367024,0
-0.7235980143948489,1
0.06530394202047118,1
-0.7301528308718098,0
-0.3304685171483558,0
-0.8351409143085825,1
0.6160858124969114,1
-1.1264753427128458,1
-0.9191700255117944,1
1.5286119077930234,0
-0.9415034654318268,0
1.845736396350282,1
-0.8405654801111899,1
0.22621081569412427,1
0.8503569905172401,1
-0.9899013278469077,1
-0.9976634183081885,0
2.330705434028212,1
-0.43172920357799033,0
2.00224191905459,0
-0.8388869031491609,1
-0.7048373936667806,0
-0.8112052567424363,1
-0.7476237095543699,0
0.14221928655422372,0
0.0759198789148216,1
-0.8444890209611221,1
2.362913926280004,1
-1.055379773241115,1
0.22332801912041195,0
-0.9851815253304941,1
-0.9695763371336573,1
-0.9084717533550658,1
-0.7183272296145541,0
-0.727177340728517,0
-1.1469511928745826,0
2.0444108532731544,0
1.4109661057537362,1
-0.804271432460916,0
-0.12216468569275563,1
-0.7094801728732277,1
2.1122099578771287,1
-0.3000607767640576,0
-0.9033588663602024,0
-0.31127231632254576,1
-1.1214708195471768,0
0.2586301924566515,1
-0.8948317219528575,1
0.11925518508413777,1
0.5028812010700555,1
0.8848254529224974,0
1.9115811008632613,1
0.7077254907188666,0
-0.792221799610706,0
0.06316415479031513,0
1.6938716608702673,1
-0.9804228127626662,1
-0.5413293896960341,1
-0.8233216873942207,0
0.10023839545102553,0
2.3698582416675364,1
0.28704488829616087,0
0.9321676975946059,0
0.3052670098485152,1
1.8934605704007765,0
-1.1278370617135298,0
-0.8431895846024628,0
1.1707423538610984,1
-1.134936087715047,0
1.0185166712147233,1
-0.9220178959984011,1
-0.7201735314739757,0
1.6376095857087947,1
-0.8479046063617063,0
-0.9606161358059663,0
0.7144339554193296,0
1.6425443894990632,1
0.9362201860893271,1
2.461304033626472,1
1.1302982105905426,1
0.1969042430447267,0
0.5119083329981313,0
-0.96621480084886,1
-0.3301379809095512,1
-1.1314827874523414,0
-0.6427575354254407,1
0.885035806237992,0
0.408759645882645,0
-0.8397908646507852,1
1.0529071807183417,1
-0.419903735119545,0
-1.1222160864705077,0
-0.8945095520391011,0
-0.0172180354847925,1
0.07877704531814841,0
0.39846747248777437,0
1.1541099668666912,0
-0.9386719291988853,1
1.0902260367876009,1
-0.9391910397482975,0
0.28497641402712914,1
-0.9892807590064361,1
-0.7200196176528528,0
-0.9157238963848442,1
-0.25792158947899724,0
0.07719036513283824,0
2.3431545256997657,1
-0.7130289554805298,1
-0.09069017246542121,1
-1.0003786227833185,1
0.2347774013481243,0
1.637320217101179,1
-0.43454878791800605,0
2.302535619194872,1
-0.7253190869761698,0
-0.989309841945889,1
0.6516036511010571,1
-1.1223328166247502,0
-0.7303388820050221,1
-0.9698244053112736,0
-0.7171154404706844,1
1.7110653884357583,1
-0.7539189043572194,0
-0.890132768849659,1
-0.8094249558917275,1
-1.1393102149282834,0
0.281736123056124,1
0.7093972949415707,0
-0.7379914134478159,0
-1.1186791229573214,0
-0.8483209306319563,1
-0.22937728200064755,0
-0.9970597149166234,1
-0.19257926286533436,0
-1.000147552853419,0
1.5652451236047706,1
2.070989207164014,1
-0.7758410663617927,0
-0.9884076068287985,1
0.11863528023771769,1
-0.9954779482872939,1
-0.06929322975553322,1
0.28808178140688256,1
-0.7698988507966863,0
0.2590184961779308,1
2.2103589025841157,0
0.058412613358242785,0
-0.7048968875337892,1
-0.3048941222632667,0
0.10867643185666777,0
0.9135899408283029,1
-0.41762172036357154,0
1.3235168939903905,1
0.24439947194628614,0
-0.9642712902603082,1
2.1818209694486606,1
2.0583047960006318,0
-0.010007989677875067,1
-0.7029515177618935,0
1.9749977119289508,1
0.08273657464566853,0
0.9957889516269485,1
0.6159409289948882,0
-0.8230201012960587,1
-0.7422339370400578,0
-0.6421947340674439,1
-0.8925424032623183,0
-0.8303322693880868,1
0.21973820168073108,0
0.04114398726374989,0
-0.7799416280258377,0
1.7765306867477466,1
-1.0274852503415,1
-0.9022843911861693,1
2.2391268432589895,1
0.4452702883924971,0
1.202672632605338,1
1.0309716060339291,0
2.137222348197083,1
-1.1436711950593015,0
-0.7103396467734058,1
0.07997542178217924,0
-0.1681118788627985,0
-0.9891949709749905,1
1.4102991901284743,1
2.236803926469448,1
0.9619969663612937,0
-0.806733124007208,0
-0.6869487299270572,0
-0.8570155343390731,1
1.428880930859086,1
1.7153901144915675,1
-0.8920056304711379,0
0.5632733192314565,1
1.8894821836421958,1
-0.17679638986033336,0
-0.35652895567909576,1
-0.833034193982188,1
0.6755706491864313,0
-0.9946425109717776,1
0.5320464757853074,1
-0.3118032459660735,1
-0.6351994239367609,1
0.09800153229054966,0
1.1825103204346896,1
1.058786051250941,1
-0.29999132298627734,1
1.93467149400193,1
-1.1205155977047814,0
-0.8419465877381757,1
-0.5003594959355516,1
-1.1339070297341325,0
-0.810640330603475,0
-0.9250354833645548,0
1.810990915626766,0
0.680009316621467,1
-0.9814781649080178,1
0.060708970385727236,0
0.4918586342186057,1
1.856290183401418,1
1.5366409238629812,1
-0.8323915805392088,1
0.11396448048229992,0
-0.3896282623502927,0
1.2798339205357427,0
-0.8291174258715804,0
0.9162344963363603,1
-1.0881666043117064,0
-1.1484604513534953,0
-0.7895214686023283,0
-0.841581789406317,1
-0.9975023333513103,1
-1.1230297447811368,1
0.7506928113848771,0
-0.7051129511981262,1
-1.1273681491144059,0
-0.9857105957906779,1
0.2530197083196421,1
2.0274997215759543,0
-0.9897903080415077,1
1.7244345102649807,1
-1.0536671997836526,1
1.4543413843649486,1
-0.36025050953858123,1
1.2468360721556047,0
-0.7746527826073438,0
-0.11109444406841297,1
0.876681964278072,1
-0.7793901145667154,0
-1.1473778754520347,0
-0.9849346523421703,1
0.46636192663753484,0
-0.818777710502627,1
1.0011524299768237,1
-0.9740774200095282,1
-1.1481544828945938,0
0.7319575552295737,0
0.10633173606223882,0
0.6272945632803837,0
-0.9898926959242391,1
0.15753364535653167,0
-0.8219535940506429,1
2.3537598386892937,1
-1.1400987742637683,0
1.921899701221379,0
-0.6155364352927916,0
0.6814153904247869,1
-0.9299325722927018,0
-0.14000952582508422,0
0.07105452890233331,0
-0.704850142352568,1
-1.1185978500854257,0
0.2234629427116637,1
0.03735019085146821,0
2.061470188442635,0
-0.8634060786877088,1
-0.4566045455257281,0
-1.1605590869647011,0
0.657193949818903,0
-0.9871368550131612,0
-0.7166656509002419,1
-0.03801897713411175,1
-0.9250299058145227,0
0.21379625171324537,1
-0.46327356897953587,1
1.9022476020798529,0
-0.9026744212919827,0
-1.0076751206157328,0
-0.8133919219526236,0
0.043010607341145285,0
-0.9012914544816527,0
-0.9269816499293122,0
-0.14972880515237633,1
-0.984098683831413,1
-0.7767680020575967,0
-1.0470175649561468,1
0.14772353164300325,0
1.2281490219684355,1
-0.7846632897255954,0
-0.12704836194106361,1
-1.1200442947270726,1
-0.442599582992851,0
-0.7701819778602184,0
0.19490163698559723,1
1.7551819500059933,0
-0.8295248526215413,1
0.6529906018756956,0
-0.8403203335073999,1
-0.7813373435219552,0
-1.0367318987029803,0
0.04688673901580512,0
2.362659483759493,1
-0.37651411423682146,0
0.17959259013570072,0
-0.9298759999995194,0
0.04403793893752627,0
1.7183572383098122,1
0.5523645609604232,1
1.1660603990056164,1
-1.1156932745068262,0
0.09910376241593255,0
1.8733266771755293,0
2.2233673428445986,1
0.754275324889992,0
-0.4361460920081392,0
0.8745662136325778,1
0.13761701098491413,0
-0.12790199269358904,1
0.085272500726911,0
0.06904395491458655,0
-1.0722144128235895,0
-0.9947705290248944,1
0.28939170887155446,1
-0.8712566131566407,1
-0.907795143416653,0
1.8944386336385408,1
-0.9354943192663356,0
1.7393682676770057,0
0.15628905490652098,0
0.08012787481638878,0
0.9852307822150725,0
1.1911694668594597,1
-0.06904980953627714,1
2.0658344885439104,0
-0.9175088451939131,0
-0.7685419125531727,1
-0.32289526659530327,0
2.12316851570202,0
-1.059655629334739,1
1.014767495202698,1
0.45175525269524675,0
-0.21621320153450826,1
0.33808690782286815,0
-1.1406482957407362,0
-0.8989877935196026,1
1.6854911263494794,1
1.2066824926819573,0
1.7322551650015978,1
0.27906049262645943,0
-0.9462548740650889,0
-0.8558753237539481,0
0.8639786956836291,0
1.1493197809808253,1
0.2596495561244152,1
-0.868917096515813,0
0.5539825816649612,0
0.3587907735418677,0
-0.8615661511711811,1
-1.0551278538980005,0
0.5541165756645408,0
0.38574826803609685,0
1.174527651149522,1
-0.8955325012747426,0
0.17532921713024385,0
-0.8388048334844035,1
-0.810049243098887,1
0.167214678626461,1
0.8186146220895569,0
0.17833684458562596,0
1.168233120340724,1
-0.9237610131822295,0
-0.9782478338477841,0
-0.29199723300342517,0
-0.6002414651167856,0
1.3894902805505376,0
1.6100710964195593,1
-0.7861413404840908,0
-0.6397619926617947,1
1.184240024938679,0
0.9945496731293492,1
-0.30514537761232985,0
-0.7250096657482008,0
0.4234700356957673,0
0.9135716145924836,1
-0.31065015389635064,0
-0.2979370581899464,0
-0.7813900646496391,0
-0.4356244582813315,0
0.06939560616422692,0
1.7439247276567664,1
1.8998609418613732,0
-1.0404623500827552,1
-1.0037238248144504,1
-0.7862690929395869,1
-0.9070919737161829,1
0.9236361708265217,1
-0.9309852684618475,0
-0.3159865412889273,0
0.11393154637734877,0
-0.876992857766992,1
-0.7818269727354836,0
0.9698915900352413,1
-0.7766929707297845,0
0.06378034127004718,0
-0.8389336483303821,1
0.954458243498916,0
-0.8099258730041303,1
1.4249522108555526,1
2.0406877058279456,0
1.9275380731085483,1
0.5451959483823154,0
-0.056719705598740656,1
-0.30354860471743794,0
-0.9404491756769575,0
-0.7626139064607671,0
-0.9484009028393283,0
-0.20359890814295747,1
0.41717298170957384,0
-0.9050621439009445,1
-0.8360095513266704,0
1.7181215204215528,0
-0.8315096636400922,1
1.13233693792607,1
-0.2561043705590287,0
-0.8862800097656098,0
-0.8249225770522316,1
-0.9918034052066497,1
-0.5426221861141789,0
-0.8432813485803713,1
1.1792143867621743,0
-0.02079497143987533,1
-0.8262953183541694,1
-1.1121235096874986,1
-0.9850817934239684,0
-0.9375657151091937,0
-1.1250067206698808,0
-1.0482132854439719,1
0.5586532486215685,0
0.5569372223950386,0
0.7280352095689339,0
0.23236019740327854,1
0.1308416156840665,1
1.2883192333178468,1
1.159435863153255,1
1.2777522991844925,1
0.8560187349950202,0
2.3829856696620366,1
-0.9931849112300664,1
-1.1330219256635687,0
1.3539749651237873,0
0.5655617083303238,0
-0.9973757760851067,1
-0.2917125123541696,0
1.5582526022491032,1
-0.8438491962931589,0
2.351420454847276,1
-0.8342805108167325,1
1.0695624091081186,1
-0.8681869686568545,1
0.04620255954520595,0
0.9434178816068877,0
1.701122210314322,1
-0.9697412732560339,0
1.4394187820529878,1
-0.7073749133337464,1
-0.2782488377720225,0
0.3012038974489711,1
-0.776277841648827,0
1.7306862798568663,1
-0.8250053107110404,0
0.005328679324561202,0
-0.5250270077451901,0
-0.07391555794519628,0
-0.10079616192826926,1
-0.9801912116375254,1
-1.124068762672823,0
1.003927393916583,0
-0.9006140477503783,0
-0.7344096967355626,0
-0.9397672537861332,0
-0.8136261790539701,1
0.332716523934858,0
-0.932761186951817,1
-0.19777382112852426,1
1.268548279241114,0
-0.9892524728598449,1
-0.7582721821572407,0
-0.3108370018224247,1
-0.22503847927094753,1
-1.1018618800189943,0
-0.8678747586538695,0
0.6525406795064428,1
0.10667621617612338,1
0.16228996754577435,1
-0.7087168453116975,1
-0.3526933276415735,1
-0.8837398341224382,0
1.000742878445898,1
1.125441492500723,0
-0.7623305137996145,0
2.3590686039293307,1
0.09453760812302107,0
-0.11675061099616096,1
0.18538793021662953,0
1.9195396007649568,1
0.2641647156741765,1
0.9404862150709896,0
1.3940265551111344,1
0.6191622297360223,0
1.2733022110517718,1
0.3358303904384698,0
-0.4283152117631298,0
1.2367067101021463,1
-0.8354298845197673,1
0.6139689994609352,1
-1.1052884877208322,0
0.13634267360139907,1
1.9463059977711827,0
0.11084742680724116,0
-1.114914675082113,1
0.1264257896443999,0
1.0081615511837765,1
-0.9798345140330943,1
1.118065979376188,1
-0.8361819241824231,1
0.23316681737696243,1
-0.9899775543640126,1
2.3122920821890443,1
1.0123680862984308,1
-0.7245137949905888,1
-0.8948338467338222,0
-0.8388768104395791,1
-1.118125750314855,1
-0.7325911498274912,0
-0.44829346478272053,0
-0.9998523410981507,1
-0.727841998774004,1
-0.4204938930324609,0
1.0456580920612,1
-0.9081773383926592,0
-0.8365115308295558,1
-0.5838787925060712,1
-0.26984586025229623,0
-0.7616228289395944,0
0.9498198466532083,1
0.15783164588681592,1
0.7782166928049808,0
-0.8621592306579232,1
-0.8425311681010594,1
0.2931477904217147,1
-0.740937023858794,0
-1.1500531074852682,0
-0.7566642541622846,0
-0.8427065953294488,1
-0.9844341336261981,1
1.4697275873236222,1
-0.7282041411296569,1
1.709399294561896,1
0.34275186443063327,1
-0.8192446311195966,1
0.2799135921837438,1
-0.10960497261223284,0
0.31720668528380747,0
0.5030320605185414,1
0.0011731389530573993,1
-0.22858526989609532,0
0.2684403061701797,1
-0.9347896887789524,0
1.283090545760413,1
1.109564199541608,1
-0.8431157484639433,1
1.0926449671169807,1
-0.5115691763106957,0
0.674406800413075,0
2.2977017425004216,1
0.9164113843516628,0
-0.8942419624363726,1
-0.767336099355766,0
0.9097321353894627,0
-0.8587740561848948,1
-0.9381427259398911,1
-0.98938434207846,1
0.6894316578089573,0
1.2861349584862445,1
0.45929596753977875,0
1.9823645931308176,0
-0.5918270668993745,0
-0.12034627158349451,1
-0.9402007091029103,1
1.9369059667838209,0
-0.22602384644327775,0
1.9199233893266863,1
0.6454168201274018,0
0.6955329663487878,0
-0.8627151264777849,1
-0.9387768402590121,1
-0.720570998313165,1
-0.9903228312707589,0
0.29559606928816756,1
-0.9820031186050826,1
-0.8221883823472306,1
-0.2700137179484991,0
0.1557132392651161,1
0.6981817714187741,1
-0.8366779277388454,1
-0.9053204375869531,0
-1.1370608686796406,0
-0.8432725838588924,1
0.9214667694616719,0
-1.0487464726672746,1
1.1523948702318334,0
0.13180254787530393,0
-0.7542586037139338,1
1.8046998375870353,1
-1.1364774835060494,0
-0.7640826613025423,0
0.7889484302619016,0
1.4204051795913224,1
0.9930012390014016,1
-1.0619932867922226,0
2.475921464272394,1
-0.7486919431843193,0
0.948145253655488,0
0.9315525735053565,0
-0.8882540640805274,0
0.25995446219283425,1
-0.8422015614539269,1
0.007099153063308672,0
-0.2548613736947414,0
-1.1388778220019886,0
-0.8163933078639223,1
-0.7905379106962658,0
0.7678482928930054,1
-0.9786762428097702,1
-1.1395744845607547,0
-0.8907925133391652,0
-0.10722893629857613,1
2.216217986093983,1
-0.8556386762740165,1
1.7549549968392129,1
0.92256209404892,1
-0.03712710032422357,1
0.0417713288435462,0
-0.43500083506822323,0
-0.9469595045524722,0
0.4581509761974834,1
0.19347644015359602,0
-0.991945499933657,1
0.9281385816904956,0
-0.14801251332822582,1
1.18029470508386,1
-0.8363019743069225,1
1.3707989808014391,0
0.7966166319643093,1
0.21373888262720125,1
0.09715586946664151,0
1.2020510013743844,0
-1.1388843291436925,1
-1.0333228204441003,0
-0.08163594958004693,0
1.418063139773099,1
0.8301987951097106,1
-0.8339790575173808,1
-0.8313727480666862,1
-0.24890242547953878,0
-0.9923126886441008,1
1.2915176926636116,1
-0.9922935656154194,1
-0.4441219885539823,0
-0.5609174798110014,0
-0.7873811501769312,1
-0.9227881290980663,0
-0.9441265075326176,1
0.6742724080170645,1
0.1445931980869158,0
-0.8186276478470027,1
-0.9475913612918181,1
-0.9418418368004383,1
-0.8148155251989013,1
-0.9926683238580496,1
-0.8874257979007668,0
0.9313555000708901,0
-0.3071177055427139,0
-0.6727037999439912,1
-0.8085839410261794,1
-0.9566094629007943,0
-0.8749816197851938,1
-0.8931561993634652,1
-0.9460964450844164,0
0.9703701969475157,0
0.9898794045691727,1
-0.9841727855675533,1
0.7881836419134582,1
-0.2516338314095239,0
-0.2223915333843052,0
0.6582095951199785,1
-0.9362776994482194,0
-0.9636439486805122,1
-1.0187031322184041,0
-0.7252654362568137,0
-0.8428075224252669,1
-1.0232322356432455,1
-0.18847790440842752,0
-0.15514062226919595,0
-0.8148916189171957,0
-0.4560088100627802,0
0.1889564998466644,0
-1.112407167946272,0
1.3014668467315107,1
-0.5846403936830677,0
-0.12281473586911093,1
0.16786273682066205,1
-0.8337949983663228,1
-0.9292980595771501,1
-0.47517725593724036,1
-0.8953196247818525,1
-0.9941284467771562,1
-0.8236921960749216,1
0.09558087557663647,0
1.6435798218228717,1
-0.0864368921695461,1
0.8898988986707057,1
-0.9469648165048836,1
0.9552052368067809,1
0.04835283788137459,0
0.947213802800134,1
-0.9892962964672397,1
-0.8732827246051911,0
-0.25498248620972314,0
0.2972332130213869,1
2.0590734355145734,1
-0.3026716013743018,0
-0.9891093157423554,1
1.2533692424264888,0
1.2665176526330144,1
-0.0931012676649937,1
-0.8639154949239701,1
-0.7914382866300121,0
-1.1403756597832169,0
-0.7549540710834074,0
1.8774561889802166,0
-0.23687829000090388,0
-0.8195710505952822,0
0.2813122292536876,1
0.978625502190203,0
-0.9256972198362153,1
-0.2337856713069381,0
1.0734868795497228,0
-0.10616707701152062,1
0.855476915849049,1
-0.7738480218170041,1
0.16737456839404677,1
-0.5376597601713706,0
1.7254371412826484,1
-0.8506945765670278,0
-0.9150184691045992,1
-0.8568382479273399,0
-0.25410973242851653,0
-0.8454641626250603,0
0.7343119453371534,0
-0.2553490109261156,0
-0.0679279251869716,1
2.2467319655265108,1
0.9143205998825027,1
-1.062257954821125,1
0.5115758047771723,1
2.1754365338452977,1
0.7708081127766843,0
0.23272805010777375,0
2.1767252135003234,0
-1.1598274983188295,0
-0.9389966222900372,0
0.2527100214940527,0
-0.7489527600477232,0
-0.7167971217224262,0
-0.1877124520659327,0
1.2115852919589465,1
-0.08299634059262798,0
1.441185537425047,1
-0.8897129918103415,0
-1.1599644138922356,0
0.12672697734613095,0
1.767480846223112,1
-0.7198561423173895,1
-0.5731446646705652,0
0.28273158293803596,1
-0.8654191758528509,1
-0.9476673222113023,0
-0.875174576456541,1
-0.7842380679350561,0
-0.9875185187939264,1
-0.936866794970653,0
-0.1943662036565575,0
-0.7778220262148454,0
-0.5827100301767345,0
0.556001123581325,0
-0.8669885921928238,0
-0.5959952231578557,1
-1.034215892443281,0
-0.8615317562793167,0
0.06195940398339058,0
-0.9550428353358376,0
-1.1096215801016898,0
-0.28260676353040387,1
-0.9941550065392136,1
-0.9378140488844305,1
0.6724468227720477,0
-0.311979735584945,0
0.2070739759365124,0
-0.7885301254835351,1
-0.11716149051518927,1
-0.3047506995481568,0
2.2563917509867943,1
0.4814426923325476,1
-1.1291994447082652,0
-0.9045444941384455,1
-0.9611656572829343,1
-0.7969414693283094,0
-0.26937734604960334,0
0.06517419758282064,0
2.1498918858937133,1
-0.8987344133895748,1
0.046726318052978284,0
-0.7248010388172398,1
0.9595099102422371,0
0.16213485853535892,0
2.0782260783306095,1
-0.33476482425876397,1
-0.45104186896042237,0
-0.7969996352072152,1
-0.23535429085404921,0
-0.8728047816869677,0
-0.8856421770798009,0
0.9460356117552668,0
0.6609155036783885,1
-0.9769225017211188,1
0.979106233883442,1
-1.1516444356289386,0
0.7204247753490011,0
0.8995480602261662,0
1.7172042790388997,1
-0.22985748249864574,0
-0.9626960307726827,1
1.7525655478457167,1
0.15396666931222036,1
-0.9783620408246311,0
-0.7122583239844338,0
-0.8554667018146946,1
-0.9755363477393423,0
1.1389508498736087,0
-0.9271131207514965,0
-0.8590948981105485,1
-0.7900011379050852,1
0.26807325025854617,0
0.9063967604702919,1
0.14701863555799932,0
-0.29855749423160777,0
2.1198152129434606,1
-0.9732121029616975,0
-0.8126943298021855,1
-0.8160805666656962,1
-0.8143960137572044,1
-0.8334566269977114,1
-0.8034154113298054,1
0.8207712747686192,0
0.05454338722171793,0
-0.8611702779177153,1
-0.9088708137799785,1
-0.7653718721528094,0
0.2860414604856316,0
-0.7202822936996007,1
0.5323296028488397,1
-0.9318659901716716,0
-0.9919198697632715,1
1.1293970378639346,1
-1.1254024611245363,0
0.2202083094691475,0
-0.9307710639808545,1
1.42157898827545,1
-0.049185232298291935,1
-0.8760778739641139,0
2.0767319589160693,1
-0.8765959221230437,0
-0.9441782990686295,0
0.4719831674781774,1
-0.4382729977536974,0
-0.9532817903126202,0
-1.1313051026441772,0
-0.7502997383804652,1
-0.8142670661124156,0
-0.10812771864659931,1
-0.31362590963726394,0
1.7401590845922656,1
-0.8148989228517616,1
0.7807713435184737,1
0.7923374559004285,0
0.9797303882917913,1
0.6565719201915179,1
-0.8563617657960297,1
-0.6960680242294721,1
-1.11699948360481,1
-0.982077751536464,1
0.03882319525517266,0
-0.9927616814216814,1
1.0408481191526011,1
-0.23655107373235648,1
-0.9106071582244823,1
-1.127747422516586,0
-0.8932692111510195,0
-0.9829268671294396,1
0.22288872065598223,1
0.9422375657810559,0
2.0694912365839757,1
-0.8572276140391016,0
-0.26096268223457175,0
-0.7162295396072591,0
0.21989543547211113,1
0.9867851922894832,1
-1.1224574817735047,0
1.3497987081378786,0
-0.9418110274764517,0
-0.22361646961039328,0
0.04314659332287934,0
-0.31348341651382594,0
0.14777240160518898,1
-0.06350984156753016,1
0.12433248199784434,1
-0.2758924556822884,0
-0.8383918291844107,0
0.9607290033206725,0
0.09766634809338515,0
-0.9344526453984436,0
-0.08168481954223249,1
0.2209429524876556,1
-0.6238141835344172,1
1.201902266706863,0
-0.8732459393347415,1
-0.3037796746473374,0
-0.22274530941491003,0
-0.44326198345856294,0
-0.9437631699876721,1
-1.0419762565200281,0
-1.1404192177929908,0
-1.1279201937687695,1
-0.40739355599525945,0
-0.17168204207855675,0
-0.9618652414155268,0
0.3228527595019735,0
2.3722374651526397,1
-0.8345455772420656,1
-0.44620002433735473,0
-1.0201955252484105,1
1.638719916561605,1
-0.7396426338549257,1
0.4137656298352273,0
-0.9559784029543101,1
2.1169089109803276,0
0.6191347403822929,0
-0.892229529265282,1
-0.8830854015853434,0
-0.34412023484586934,1
-1.128823358477532,1
0.04815470205642627,0
0.4519899081930242,0
2.3433404440341676,1
0.04845376497719286,0
0.7435022870030721,0
0.6286771316942824,0
0.552646227237042,1
-0.19808085197790817,0
-0.4902706375192306,0
-1.1250476227034494,0
-0.951109467373944,0
-0.9561327151718636,1
-0.8158647685989796,1
0.2780469721063484,0
-1.1369582151992887,1
-0.4294721549983509,0
2.2369404436464224,1
0.8159028703834942,0
-0.8268322239441601,1
-0.8453180839337444,1
-0.8961655532033812,1
-0.1944023249329556,0
-1.117958291015083,0
-0.20606259167140373,0
1.3321073834302424,0
1.1228347846535973,0
-0.7020750456139986,1
-1.0433067678002943,1
-0.9474560393041357,0
-0.7405704991424017,0
-0.8563589770210137,1
-0.9424204412168592,0
-0.9238262173980805,1
1.7900814773494425,1
1.043862917743739,1
-0.8710714916151004,0
-0.4358188757395918,0
0.22409665863435374,1
0.1603611976251645,1
1.236911087471178,1
0.6351944989067425,0
-0.7224765284419744,0
-1.1152653967400812,1
-0.896046167072933,0
1.8760942043819122,1
0.11171115026934836,0
-1.1419222347278204,0
-0.6974442183004773,1
-0.8033599014271054,1
-0.9305624370498934,0
1.1745202144161457,1
-0.7257573230501172,0
-0.7029727655715394,1
-1.1098171927492426,1
-0.8923296595682383,0
1.9859273196131997,1
1.0769295559076053,1
1.7182346650079172,1
1.0038089373778065,0
-0.41435911919243806,0
0.9153001239071801,1
0.7586448041448683,0
0.9460572579613438,1
0.13646113014017514,0
0.14353824433799506,0
2.113749361685977,1
1.1628774771206554,0
0.8497989699164139,1
0.07890081380933608,0
0.8277558281956688,0
-0.032739427632337975,1
0.6616427099635207,0
1.902285316941975,0
0.9031713429660393,0
1.6684869026862679,1
-0.8242604421841401,1
-0.7604969606259805,1
1.3467618649442334,0
-0.9106075566209132,0
-0.45559633695802854,0
-0.9066747198542608,0
0.08277907026496036,0
0.09343484680239711,0
-0.8571021191633803,1
-0.8304107534849665,1
0.4935766524272902,0
-0.8378436356955455,1
-0.846536247420508,1
-1.0009845837546587,1
1.6935865418245808,1
0.10339210159772365,1
0.7544244579539445,0
2.015622328782687,1
-1.0260248618247727,1
2.084569744699214,0
-1.1040727146126539,0
-1.1167682808761004,1
-0.7661864600551106,0
1.2290357196247224,1
-0.8289413346491398,1
-0.9699509625774771,1
2.191433478532481,1
-1.0615858600422619,1
-0.10970855568425682,1
0.25202053007104214,1
0.9369580162792821,0
0.2598652213923215,1
0.2040057922236394,1
-0.8884746429044142,0
-0.9212799330096357,0
1.1745446493972387,0
1.1368374896067,1
-0.7250131185172682,0
0.8630682270403007,1
-0.9282543937271038,0
-0.9120176143885417,0
-0.9304927176744927,0
1.8109493495991462,1
-0.8660439942552517,1
-0.09906924619929575,0
0.05674041073910768,0
1.017831429353642,1
2.226370720738052,1
-0.30560340070901015,1
1.2552517983611187,1
0.7503956076474545,1
-0.014409473446030626,1
1.2693060292526122,1
-0.946110654557117,1
-0.1297988908997299,1
-1.0496517621570016,1
-0.13878246481803153,0
1.4061888013524682,1
0.9053699600691524,1
-0.2231612352887291,1
-1.0982611730768699,0
0.9967573205515617,1
1.7561450069781952,1
-0.6039330064451462,0
0.7114433262116641,0
1.8608483697657123,1
-0.1191893283482732,1
-0.819683796785216,1
-0.8401253848538984,1
2.0310971085478218,1
-0.9315551081567894,0
0.10684593305567028,0
-0.09592244559073282,1
1.6337869719546805,1
0.7289430222360567,0
0.5153147552808054,0
0.20888535170882852,1
-0.8234526270211637,1
-1.0434079604937332,1
-0.7427829273217846,1
-0.10043016840711805,1
-0.7224433287394026,0
-0.8261086032269057,0
-0.9172625034008305,1
-0.8967480087853004,0
-0.9960241497940046,1
-0.9497172046468939,0
1.9025880982294292,1
1.8000931796569866,1
1.2167588680101111,1
0.22101997579762217,1
0.17464822483109163,1
0.6491171261772416,1
-0.8281590168577384,1
1.7571254605945448,1
-0.441181424497795,1
-0.2515461841947343,0
-0.968669586857017,0
-0.46148171463233206,1
-0.6763998564319016,0
1.1314268676791726,0
1.2602298945635408,0
0.7655105026367112,0
0.7273977752795557,0
0.914461897816648,0
-0.8568620189143812,1
-0.8305670576846743,1
-0.6087109748404657,1
-0.07812634262177956,0
0.1763326449407731,1
0.25704882422375275,1
-0.809951104778085,1
-0.8352588396521176,0
2.2957241026176267,1
0.06764638023512527,0
-0.9777918027332583,1
0.7802979157598002,0
1.904098684696445,1
-0.9501055083681734,0
-0.9473731728465165,0
1.960411887399878,1
-1.1176318715393974,0
-0.9897564443448846,1
-0.7440706773851387,1
0.7577616920564592,0
-1.1249836136768907,0
-1.137947831933548,0
0.32565906396096056,1
-0.9641508417393779,0
-0.6322459783959758,1
1.3233473099096535,1
0.10429885187436393,0
1.1159959115214328,1
0.24571683614433412,1
-0.14239353006735825,0
-0.7464237395046156,1
-0.7886039616220547,1
-0.1381514048715472,0
0.46041386792477584,0
-0.41533545604566885,0
-0.7982426320715025,1
-0.8606799847101352,1
-0.9361727883880924,1
-0.9748569490259135,1
0.7778761966554045,0
-0.26431930496338835,0
1.5902512723806412,1
-0.4484342315216249,0
-0.7563156572852809,0
0.959535407613812,0
2.0482982728466888,1
-0.8734345136453491,0
0.11632245615775756,0
2.4302636397099664,1
0.27732348418790437,1
-0.6996946269396024,1
0.9642263927883936,1
0.47831607714314817,0
-0.1839754935444539,0
-0.9474713111673186,0
-1.0070760651825277,0
-0.8184248640636942,1
-1.1186878876788002,0
-0.030835092692821087,1
2.013620253918799,1
-0.9326400744368352,0
-0.8666617743207072,1
2.3832985436590732,1
0.6602318554030303,1
-0.9516237971661858,0
0.8615511334315807,1
1.9038947057238438,1
-1.1454252017455735,0
-0.06229765402722955,1
0.9826508997276253,1
-0.20893051477836397,0
0.7948542589529894,0
-1.0003425015069205,1
0.6394653086455756,1
0.11214301200040205,1
-0.7911279358103713,0
-0.9667440041078541,0
-1.1511048740627423,0
2.301876405900607,1
0.35536881379838975,0
-0.7149299704497896,1
0.2812622969010195,1
-0.7528004727769815,0
2.418929526849583,1
-0.8905970334904225,0
-0.9650205411479482,1
-0.9443266353397202,0
2.325732384180581,1
-0.9144580581251874,1
-1.05605279761165,1
0.8044943901893505,0
0.12163759574068839,1
0.6985506865137516,1
0.25583344951200515,0
-0.5598995769301508,0
-1.1361591647577913,0
-0.9776366937228428,1
2.309439563744078,1
-0.39025347914912434,1
-0.10480190524176923,1
1.5439643798538838,1
1.532049006600874,1
0.6115058471277299,0
-0.23126514988768895,1
1.42357269681429,1
1.3128328313063629,1
1.3555111817611885,0
-0.8407972140351408,1
0.7258461539801614,1
0.14836787147051628,1
1.1360271512663278,1
2.022399716065689,0
2.041529650285166,0
-0.8332389697476508,1
0.23256337958301782,1
-0.09103598056740872,1
-0.9516271171364431,1
0.5982488074943897,0
-0.9330449780094004,0
-0.8142476774861137,1
-1.0549111262396118,1
-0.9568648350129765,1
-0.256212734388223,0
-1.0372717258667974,0
2.0142575554093662,0
-0.6490483478675507,0
-0.910972487751582,1
1.1595405086157613,1
-0.7570472459311526,0
-0.8820179647482557,1
1.4457894065800805,1
-1.1283545786772187,0
0.07460610028465145,0
-0.8568840635168888,1
0.1584313653140725,1
1.138177562401307,0
1.7031090133150273,1
-0.8631622600720217,0
0.6570708453217666,0
-0.12486302471897917,1
-0.25904984817119653,0
-0.9246176983073916,1
-0.21858711306720033,0
-0.5328238914947662,0
-1.1490786298153817,0
2.388460167817312,1
0.7075150046045615,0
0.37744767839910187,0
0.2683037889932046,0
-0.8231348394681468,1
-1.1029273248739278,0
-1.1224445004242016,0
-1.0689131671986627,1
-0.9365385163116232,1
-0.828621820711589,1
1.596299195798736,1
0.5344798811850084,1
-0.7859151841101719,0
-0.7264446896921631,1
-0.26256211110566957,0
-0.8566284258070862,0
-0.7494439828469751,0
-0.33518274211473753,1
-0.31154296029791073,1
0.5051005347875734,1
0.11731101050153475,0
0.3451370638621998,0
-0.8642752469010379,0
0.2050173207615962,1
-0.7916481087502658,0
1.2402917467846568,0
-0.13654878882900243,1
-0.8921207670396568,0
-0.7580125604831295,0
1.3689939793720167,0
-0.9001831156109967,0
1.849081598381414,1
-0.8276444214678759,1
-1.0489828545495854,1
-0.6991064610088409,0
0.43074462172448386,0
0.8086385098631695,1
-0.914253813554966,1
-0.789920529027241,0
0.05436118725400402,0
-0.18276543078511792,0
-0.7585340614111269,0
0.18270805022503608,1
1.1408845333501993,1
2.269713065244314,1
-0.9088605882715863,1
-0.9447186574276877,0
0.8863452025074229,0
0.1009804752029099,0
-0.30815818422131336,1
-0.42771867950732,0
-0.970820927583668,1
-0.8856190700868108,1
-0.8964018022868818,0
0.9161558794406701,1
0.6087335391641768,1
2.261694673079179,1
-0.7790380649206443,0
-1.1256197199781661,1
-0.993580651684722,1
-0.8508078539522027,0
-0.7892544101948409,0
-0.8742451175833417,1
-0.8363724904751851,1
1.629231441566592,0
0.5832683049011436,0
-0.5017161685814446,0
0.6703176594467148,0
-0.3872260646710094,1
-0.968205189417443,1
-0.8285733491458342,1
-0.2910756092600326,0
0.7351117925715127,1
-0.782452986327177,0
-0.9641612000465803,0
-0.9438040720212405,1
0.09714949512374778,0
-0.38382229836454085,0
-1.0174137885693266,1
0.4792922811975687,1
1.171031988066335,0
-0.15021750477423268,0
-0.7039453840580822,1
-1.141830470749912,0
-0.4288800051032808,0
-0.8380883839029046,1
-0.716480662157512,0
2.3363323852176974,1
-0.9010287784349048,1
-0.8362148582873743,1
-0.4470679973613912,0
-0.039374056194281394,1
-0.9045739754743293,1
-0.0973896068467846,1
2.301255969858946,1
-0.9851130011443859,1
-0.7894643651139048,1
1.8745542693778232,1
-0.8771304373344493,0
-0.07355275159549184,1
-0.765360584253935,0
2.0717700641685024,0
1.204924236433756,1
-0.66186555784122,0
-0.3132886006591348,0
-0.43510494933548843,0
0.22628996378505525,1
-0.8546085559026195,1
1.967987262733895,0
0.029376419086589747,0
-0.710673237384847,1
-0.9977351296657436,0
0.4901828460315932,0
-0.7733759220464334,0
-0.8789746144129061,0
-0.7823864541232232,0
-0.9901556375686076,0
-1.0011589485925654,1
-0.49515006420560936,1
1.9649509507354912,1
-0.33717459147023354,1
1.3096819139346805,0
-0.5449590467788009,0
1.6807221882732593,0
-0.8526188313280879,1
-0.9120895913437173,0
2.129132775869634,1
1.0083644677658952,1
0.6985857453996672,0
-0.7417400582646001,1
-0.8158554726822596,1
-0.8957532128974397,1
0.054003161661470116,0
-0.4661023164374613,0
2.077348145395802,0
0.044601005893143676,0
-0.11033217889736512,1
-0.6037472209095546,1
-1.1120266993547994,1
-0.7486343085006546,1
2.0099320325606955,0
-0.7882387648937652,0
0.8917309910574264,0
1.659566806599284,0
1.4412022700751435,1
1.9079126665278905,1
0.9001100647913008,1
0.637588064663357,0
2.4640859031043667,1
0.46683708078074204,0
2.3547547673759643,1
0.47795964513633765,0
-0.9399744199301812,0
-0.08967346477386323,1
-0.7384159712443037,1
2.137099642096378,1
-0.8608781205350836,1
0.1475216774513669,1
-0.1721133726143692,0
-0.8805979470698556,0
2.294659587354365,1
-0.9625864717541959,1
-0.9664866400135177,0
1.7095788385534043,1
1.7428008513253066,1
-0.26922223703918813,0
-0.806434326684062,0
-0.7675198929092033,0
-0.09936140358192735,1
0.09245213560627259,0
-1.1399148479115206,0
1.179308275521047,1
-0.19998837408887202,1
0.21548492138485595,1
2.1503795231250873,1
-1.1248124360104308,0
0.8424845442446108,1
0.22832603514437713,1
-0.8349646902873316,1
2.233753803394774,1
-0.8106957077073647,0
0.8795103133395666,0
-0.34432740098991726,0
-0.9744392967675606,1
0.2738685903394752,0
1.7078239022754602,1
0.9561107918941286,1
0.14161637995552037,0
-0.4479210969186756,0
-0.7900364623886217,0
2.4985700357692373,1
0.22421723995409443,1
-1.048660153440588,1
-0.4440269046058167,0
-0.2777941346455996,0
-0.8793548174067581,0
0.9646067285810557,0
0.08972126087152875,0
1.2077342592594311,1
2.2681970340260755,1
-0.8935020074654528,0
-0.4332404540390575,0
-0.9727202161683939,0
0.7565965152950003,1
-0.7872268379593775,0
0.8675865737615088,1
0.1830549207175059,1
-0.9782143685475917,0
-0.9817415049488171,1
-0.8695611707457054,1
-1.141937772188624,0
-0.8958221354799788,1
-0.9707124309556635,0
-0.9883265995545233,1
1.8029924432831745,1
-0.2831198981333532,0
-0.06421858881803252,1
-0.206575195079112,0
1.941524709405606,0
1.1903631124833964,1
-0.2585345887872825,0
-0.3172959375583581,0
-0.9508112012460391,1
0.7668305228109653,0
-0.7842841491222258,0
-0.3230105359626326,0
0.5913167095974032,1
-0.8802546621452636,0
0.21416383882011997,0
0.5317988060041221,0
2.3696871967998865,1
0.9306803509193905,1
-0.2707642968242418,1
0.3975143754263438,0
1.7677622469021104,0
0.25867375046642566,0
0.0702205523737303,0
-0.890319616775733,0
-0.8433883844214627,1
0.7174605731045826,0
-0.9964752673525498,1
-0.9014190741383388,0
1.8437506557400591,1
1.1053708115091725,0
-0.9491474977507623,0
0.35053360911583664,0
-0.3179466517287649,0
-0.6996191972153594,1
0.36264884457832836,0
1.9389913065017592,1
2.0216310765517473,1
0.9587279908472666,0
0.6072998432083171,0
0.2722149795537802,1
0.6497572164428256,0
-0.18104329581331474,0
1.2654435758554123,1
2.2810222119283625,1
2.352140224399032,1
-0.2437487692499171,0
-0.6087416513656421,1
-0.8190414489398572,1
0.716157683976856,0
-0.4196269823989067,0
-0.26696093889761924,0
1.8043440695742765,1
-0.5159977510361499,1
-0.9035357543755046,1
-0.12459158395075232,1
2.1990683477335073,0
-0.29660907008707543,0
0.13086339468895358,1
-0.8668731900266843,0
-0.7677938568548255,0
-0.6933161672827028,0
-0.9172559962591263,1
0.8943152559056133,0
-0.18031927669962944,0
-0.696206267790981,0
-0.9905601427447419,0
-1.1428945876167425,0
-0.8499700262581015,1
-1.1378430536722317,0
1.9268812501928685,0
-0.7292058425556525,0
0.8928087862017164,0
-0.7326781330482292,1
1.087280957571864,1
-0.09769982486761526,0
0.5264110254719644,1
-0.8766307154113389,0
-0.2865917902294991,0
-1.028965824277391,1
-0.8428603763517611,1
-0.11200013195457093,1
-0.9826669798577079,0
1.0174962451564769,1
0.04023298742518052,0
2.5526249947037383,1
-0.4436906580181697,0
-1.1260652599866794,1
-1.1371490470896712,0
-0.05709526063423255,1
-1.1373835697886383,0
1.0017686164565558,1
1.7243816563384864,1
0.8311072717708846,0
0.25929099933664,1
1.2194961170877487,1
1.173960069034355,1
-0.7366875947284173,1
0.23392589537656333,1
1.741003950623312,1
-1.035714659816181,1
-1.1334321411885457,1
0.9519260357843613,0
-0.8674204539238775,1
1.9889508829258162,1
-0.8024685558124585,1
-0.41841320127288273,1
-0.8346875391702624,1
-1.077994613840146,0
-0.7614884365435839,0
0.8236192780540362,0
-1.1189099272896004,0
-0.9079132015589982,0
2.1214415999730467,0
-0.7782739405662523,0
0.091554946843973,0
-0.9793187234539392,0
-0.939550658926555,0
0.7927597561171413,0
-0.8981328347789742,0
0.634474198159745,0
0.5782582041854424,0
-0.7689569088353199,0
0.8682606605225263,0
0.17408356428975083,1
1.4149482108790048,1
-0.6505722142155952,0
-0.8337945999698919,1
1.1376611078281005,0
1.5281831004346065,1
0.4852460502591704,1
1.0530118261808479,1
0.2540847547781446,1
-0.9965014287181764,1
0.24138281417180443,1
2.4304543388015385,1
-0.6997020636729785,1
0.4888398516631597,0
1.120434446157658,1
0.19536058967394943,1
-0.8761015121523449,0
0.7027763446570868,0
0.5722805313379893,0
-0.10059324534615059,0
-0.754161527783614,0
-1.002836861560543,0
-0.45713627196211776,0
-0.694463814601204,1
0.22993236955360993,1
-0.2963999119608733,1
-1.0618525200533182,1
-0.9399210348084457,0
2.310349501192165,1
-0.4719960604368129,0
-1.118492673427678,0
1.625408960611288,1
2.024104321594534,0
-0.7393520700580175,1
2.029563016691385,1
1.0300308592618554,1
1.7012491659769564,0
-0.8871977823435038,1
-0.06587591797041553,1
-0.8366329089421581,1
0.2642358958364904,1
0.8772128939216,0
-0.9935945955598021,1
1.8028862042349447,1
-1.11642592554318,0
0.6782993991402106,1
0.08155838360080139,0
-0.1943574389350785,1
0.5563078888330882,0
0.5128672732072144,0
-0.9286049825862617,1
0.069721760042292,0
0.12107930954224133,0
-0.06235515591208389,1
2.2744454836477046,1
-0.8142509974563709,1
0.9564156979625477,1
-0.2536874322118035,0
0.6736376297038923,0
1.3702513185078153,0
0.308115411530363,0
0.252969643168164,0
-0.22021044572414986,1
-1.1170863340267378,0
0.8382125393164852,0
-0.9973903839542382,1
-1.1201590328991606,0
-0.9018326096335726,0
1.2886346304922787,1
-0.8943238993023198,0
0.27859038483804316,1
2.0853675999514185,0
0.7937376865560957,1
0.5778252800639063,0
-1.0515973975265178,1
1.9297199575615653,1
1.9786840741037104,1
0.08193925058870488,0
2.2760364133949436,1
0.3487170541899194,0
-0.23781584960153085,0
-0.2604081144028129,0
0.74951462034001,0
-1.1338946794447755,1
0.09639626027179936,0
-0.7819565843743238,0
1.9340311381387258,1
-0.9047228429406612,0
2.2617770083415563,1
0.6434492729541885,1
-0.30820453100610345,0
-0.9245848970012507,0
-0.23827002153271268,0
-0.90102652085513,1
1.678365673384715,1
-0.2095212038865209,1
1.3642971510497828,0
-0.09937574585343839,1
-0.9971047337133108,1
-1.1281297502914025,0
0.27991412337898486,1
0.38214052275702737,1
2.062896447665118,0
-0.9109727533492027,1
-0.9476058363621395,0
-0.4383744560447567,0
-0.8951565478428198,1
0.15489626098423004,0
-0.2472567826224611,0
-0.7436923335746306,1
1.6744641771372901,1
-1.0462887650852912,0
1.2950452274612678,0
0.5832786632083459,0
-0.2487505036405703,0
1.29771063238254,0
1.2681332829589669,0
-1.013985056086524,1
-1.1180076921725097,0
-0.7857284689829082,1
-1.0017898757402393,0
0.5733131748867818,0
0.9645520154712174,0
-0.24164736087593422,0
1.0381491161323264,1
-1.1247532077410427,0
1.267717888280389,0
-0.9718988555267684,1
1.9462378719815054,1
0.6291205469218312,1
-0.9632027910327384,0
0.3717557885913866,1
-0.6949106825978201,1
-0.2696078847842618,0
1.1731623465809602,1
-1.1333273629272291,0
-1.1408019439642385,0
0.45442211840343233,0
0.25513333418417156,0
-0.9542502920360441,0
-0.2976672110074429,0
-0.859867654387609,1
0.12880395073902126,1
1.262668479116843,1
-0.8921413508552513,0
-1.121300837070009,0
1.416929436329678,0
1.004625915658693,1
-0.9714889055994119,1
0.6744487648371257,1
-0.8385634052473016,1
-0.42153875407179964,0
0.1679036388542305,1
1.9538919970100228,0
1.0249818484947404,1
0.7968022847010908,1
0.22029436309821349,1
-0.8653129368046212,1
0.07747402339161148,0
-0.20397286959272598,1
-0.302650353564656,0
-1.120294753283274,0
-0.9925059109130685,0
-1.1253330073467562,0
-0.30318208000104546,0
-0.9504469341094215,1
1.3276110813115416,1
0.23052730822369596,1
-0.9767887733191598,0
-0.7989941405389172,0
-0.8421024935414527,1
-0.8512650802560212,1
-0.9855237478646038,1
1.639381387435645,0
2.3573321266860168,1
-0.4357885976108464,0
-1.0301922212903922,0
-0.30933332089354376,0
-0.9156811351679317,0
0.5660125602912487,0
-0.7796847951267425,1
0.27635777123949656,1
0.6231407492934135,0
-0.8480739248448224,1
0.45096656056095147,0
1.6419426780896524,1
0.6202737557781255,0
-0.44600932524578246,0
1.3130297719420183,0
-0.7493822314001917,0
-1.046937752871164,1
-0.2988677122524384,0
-0.7627791081807642,0
0.30151092829835496,1
-0.507056141541899,1
0.11664701645009927,0
-0.3320291687668498,1
-0.32685107755613535,0
0.11124529204286139,0
-0.9875242291427686,1
0.6826530753366628,1
-0.9356900647126989,1
1.1668165554313912,1
-0.9740948166536758,1
-0.7769300166061469,0
0.17567874359891938,1
0.26619494388584564,0
-0.704994893055781,1
-0.8440256859120304,1
2.3963940999391045,1
-0.8473018325618131,1
-0.9722587403026463,0
-1.1483534155124038,0
0.48987953354889713,0
2.4228513413149817,1
0.7786209323834948,0
0.20143268247551668,1
-0.8524290618281877,1
-0.08460214380661953,1
-0.49236195318363185,0
-0.39694653918759404,0
0.7687201170825401,1
-0.9795521837624239,1
0.13238739383580822,1
-0.4269362289171084,0
-0.9733121004658436,1
-1.055616155123426,1
0.15419614565639644,0
-0.6071035780407507,0
-0.31660803972107093,0
0.9262432770700781,0
-0.9195739994926877,1
-0.9984288706506833,1
-0.9923810800313986,0
-0.9797808633137384,0
-1.1219685494881326,0
0.17595549631955765,1
-1.111666681780111,0
-0.24084047530462968,0
-0.7792616981171677,0
1.307217964808614,0
-1.1483467755718895,0
2.3912701906429867,1
-0.48126276141864655,1
-0.9536977161864394,1
0.4288572850326837,0
-0.4400386907352745,0
2.4638914856461063,1
-0.7893421902084408,0
-0.37154770432970446,1
-1.0538035841618174,1
-0.8188083870278035,1
-0.9422659962004952,1
2.1775476365324313,1
0.16053755444522574,1
-0.20661503472219814,1
-0.8147892310344644,1
0.9081693589900043,0
-0.20255085993217173,0
-0.830929067241517,1
-0.2585138721728778,0
0.5736296344516958,0
1.5956938988214475,1
-0.8556133117012517,0
-0.3844350320752055,1
1.7482227611517083,0
0.7491969655858035,0
0.22367701439384644,1
-0.875789833344601,1
1.0595993111651392,1
0.1259014999413865,0
0.4478509676728061,0
2.013400737485394,0
0.052402670399889974,0
0.2850943393706639,1
-0.7451783522617432,0
-0.8663661641690081,1
-1.0531729226117639,1
-1.1470685870228763,0
-0.9764559795005804,1
2.1869586898210476,0
1.2855942017307558,0
-0.30630391443327454,0
1.6847220884391068,0
1.292927352034809,0
0.8736475114630118,1
0.7054377656140506,0
1.6717848283409376,0
0.21159338504820296,0
-1.1286351825633552,0
1.0072850790358818,1
-0.9394789475690001,1
0.8316336862548624,1
-0.34988516399924247,1
0.7818739720402874,0
0.428492486700825,1
-0.8086455596741525,1
-0.8034333391691942,1
1.755385264984543,1
-0.030666172606135886,1
-1.1562236042052583,0
-0.9034712141537052,1
-1.1174366572882752,1
-0.8795019584885563,0
-0.9994730676959708,0
-0.09817152624175508,1
1.6617204049057095,1
-0.7279632440877961,0
0.2865375968408642,1
-1.0319839428387858,1
-0.4526800750841238,0
-1.1389818034704435,0
2.061920642007129,0
-0.861438929910926,0
-0.9331364763896882,0
-0.13116406266948127,0
0.6522406869940043,0
-0.4321626588947674,0
1.3658020271679563,1
2.203058155189773,0
-0.5772508038846422,1
1.587918926875569,1
-0.8959528095093012,0
-0.807091149599742,1
-1.0617411018514875,1
-0.8401394615277888,0
0.999330695897305,1
0.22076978283904133,1
-0.8844006410024268,0
1.6990059284735868,1
-0.858805131106502,1
-0.4378751325180772,0
-0.9756959719093072,1
0.5132000670257938,0
-0.7569823073129222,0
-1.1507384821451603,0
-0.4217597312921176,0
1.0175376783852867,1
-0.9931778728931211,1
1.728705054406193,1
1.9664316574701923,1
-0.8665735959106766,1
2.091698916030666,1
2.060250032973717,1
-0.11669855386252845,1
0.553104648730153,1
0.06547751006551632,0
-1.000471449151709,1
-0.820111674551961,1
1.3323585059804948,0
-1.124460917559601,0
-0.7820754393095307,1
-1.0558952982226495,1
0.9099249592619998,1
-0.4310721150646898,0
2.0969274707892898,0
-1.1271494294738633,0
-0.8352318814936293,1
-0.8412902960177369,1
-0.9310965538648681,0
-0.7891800428610802,0
-0.17223714110555685,0
0.2856621870834517,1
-0.043094016468043485,1
1.104446000594333,1
1.586452828009999,1
-1.0604522893976513,1
-0.18314151701585088,0
-0.920739309052957,0
-0.8614636304896394,0
-0.5008168550381804,1
0.5588904272967414,1
1.1613917240311633,0
-0.778733158852225,1
0.7095071195576783,0
-0.31143047970559773,0
-0.9829887513750334,1
1.1459227874136813,1
0.7703619087741195,0
0.47026753964807844,0
-0.861561503212821,1
0.24036026333259378,1
-0.717996029381698,0
0.6501275923247161,1
0.24666023889261376,0
0.8251509795318875,0
-0.4452390921461173,0
1.036525783475377,1
-1.0006576330837316,1
-0.7040672933659257,1
0.6227323929517806,0
2.2409514989123345,1
-0.9203814162592332,1
-0.349169776808226,0
2.3039013221598648,1
-0.8958842853231932,1
0.9108949217723366,1
-0.7481798709718522,0
-1.1473661891567297,0
0.6536654854295747,0
-0.8232586079593344,0
-0.8227499885159347,1
-0.04479065406827136,1
-0.8158076651105562,1
-0.9697094015415648,0
0.09220778579534422,0
-0.9069184056711376,0
-0.9863845497528849,1
2.2219973903176773,0
0.28915054623207304,1
0.6666873383698966,0
-0.9644009018991486,1
-0.8929745305909924,0
-0.8840928133601812,1
-1.1492484794937388,0
2.0739585885620335,0
2.027160287816861,0
-0.9409271185951809,1
1.0302491805059675,1
-0.7932799405310736,0
0.8705373633260879,1
0.3848882629406775,0
1.8184993603603985,0
1.7625699462186952,1
-0.09448981202535556,1
-0.034723973053268374,1
-0.7840087243896903,1
-0.522745656983268,0
-1.1266574098817494,0
0.9413350650663449,0
-0.7994538900201311,0
-0.16948395617068468,0
-0.41765784163996966,1
-0.7668167232087332,0
-0.722156748906803,1
-0.29808419927174457,0
1.1749961653522147,1
0.057656722530088654,0
0.9649196025780921,1
-0.8576290648425995,1
-0.9200587151502355,0
-0.6367772066017818,1
-0.7918407998239925,0
1.4984846384960517,1
-0.06186167553305719,1
-0.8834819388328605,1
-0.8206548216860352,0
-0.45625448786181133,0
0.24731998338211997,1
-0.9864798992986709,1
0.8750966120808645,0
-0.4479317208234984,0
-0.8403050616442169,1
-0.7810724098954324,0
-1.0652541615788225,1
1.5472487600299043,1
1.154515932829739,1
-0.8643780331802,0
-0.9644488422696622,1
-0.057717290261617454,1
-1.11309546417999,1
-0.9561169121134394,1
-0.1376510189543853,1
-0.8477696827704545,1
-0.6209927400110575,0
-0.8663682889499728,1
2.226631139205025,1
-0.8712648466828785,1
1.3606366846430296,0
-1.069172788872774,1
-0.08020490960039324,1
-1.0037089513476982,0
-0.9849003902491161,1
0.2098596965799049,1
0.3857149355347147,0
1.0553401877216115,1
-0.32431515147489287,0
-0.7532894379964585,0
-0.38266283195192424,1
-1.0027852028233413,1
-0.8169011305144601,1
0.2909635155901125,1
2.1327693384905357,0
0.18934639715366733,0
-0.8389357731113466,1
-0.9726862196729604,1
-1.111143056071149,0
2.14824358706043,1
-0.9889074615507191,1
-0.8941561744049271,1
-0.44347924231219266,0
-1.126610000706477,1
0.5700125932559063,1
-0.4861251898573086,0
0.8000015408397173,0
-0.7790579847421875,0
-1.141959551193511,0
-0.9816371250839314,0
-1.1393379698796333,0
0.7555245632983628,0
-0.7578922447610094,0
1.8643647494633044,1
-0.9716210404156478,0
-0.9371230966745069,0
-0.33141988782525256,0
-0.3855014065218109,0
0.9603513235042159,0
-1.002731950500416,1
-0.8129105262653329,1
1.2391186020945806,0
-0.7726692995768958,0
0.4726567230439536,1
-0.9922340717484108,1
0.2366158680777389,1
-0.23780363211098446,0
-0.9948936335220305,0
-0.7241238976835859,1
-0.9870041890016845,1
1.1521122743635424,0
-0.7041486990366316,1
0.0840013505148429,0
0.6313348342845582,0
-0.904525769506195,1
0.24836696920242338,1
-0.9288971399688933,0
-0.9816554513197511,1
-0.8040331913952611,1
0.9486437803893057,1
-0.3083537968688662,0
-0.8694437765974116,1
-0.17922554569810492,0
0.8850868009811422,0
-0.7376109448563434,0
